{
	"info": {
		"_postman_id": "7aae9adb-44ae-44ae-aed7-d70be1d6bd5a",
		"name": "Shopping cart - cart APIs",
		"schema": "https://schema.getpostman.com/json/collection/v2.1.0/collection.json"
	},
	"item": [
		{
			"name": "Add to cart",
			"request": {
				"method": "POST",
				"header": [],
				"body": {
					"mode": "raw",
					"raw": "{\r\n    \"productId\": \"11\",\r\n    \"userId\" : \"1\"\r\n}",
					"options": {
						"raw": {
							"language": "json"
						}
					}
				},
				"url": {
					"raw": "http://localhost:8083/api/v1/myCart/add",
					"protocol": "http",
					"host": [
						"localhost"
					],
					"port": "8083",
					"path": [
						"api",
						"v1",
						"myCart",
						"add"
					]
				}
			},
			"response": []
		},
		{
			"name": "get cart of user",
			"request": {
				"method": "GET",
				"header": [],
				"url": {
					"raw": "http://localhost:8083/api/v1/myCart/view/1",
					"protocol": "http",
					"host": [
						"localhost"
					],
					"port": "8083",
					"path": [
						"api",
						"v1",
						"myCart",
						"view",
						"1"
					]
				}
			},
			"response": []
		},
		{
			"name": "Update cart of user  to quantity zero == delete product item from cart",
			"request": {
				"method": "PUT",
				"header": [],
				"body": {
					"mode": "raw",
					"raw": "{\r\n    \"productId\": \"7\",\r\n    \"userId\" : \"1\",\r\n    \"quantity\" : \"0\"\r\n}",
					"options": {
						"raw": {
							"language": "json"
						}
					}
				},
				"url": {
					"raw": "http://localhost:8083/api/v1/myCart/update",
					"protocol": "http",
					"host": [
						"localhost"
					],
					"port": "8083",
					"path": [
						"api",
						"v1",
						"myCart",
						"update"
					]
				}
			},
			"response": []
		},
		{
			"name": "Delete entire cart of user",
			"request": {
				"method": "DELETE",
				"header": [],
				"url": {
					"raw": "http://localhost:8083/api/v1/myCart/removeAll/3",
					"protocol": "http",
					"host": [
						"localhost"
					],
					"port": "8083",
					"path": [
						"api",
						"v1",
						"myCart",
						"removeAll",
						"3"
					]
				}
			},
			"response": []
		},
		{
			"name": "Delete a product  from cart of a user",
			"request": {
				"method": "DELETE",
				"header": [],
				"url": {
					"raw": "http://localhost:8083/api/v1/myCart/remove?p=9&u=4",
					"protocol": "http",
					"host": [
						"localhost"
					],
					"port": "8083",
					"path": [
						"api",
						"v1",
						"myCart",
						"remove"
					],
					"query": [
						{
							"key": "p",
							"value": "9"
						},
						{
							"key": "u",
							"value": "4"
						}
					]
				}
			},
			"response": []
		},
		{
			"name": "Update cart of user",
			"request": {
				"method": "PUT",
				"header": [],
				"body": {
					"mode": "raw",
					"raw": "{\r\n    \"productId\": \"2\",\r\n    \"quantity\" : \"10\"\r\n}",
					"options": {
						"raw": {
							"language": "json"
						}
					}
				},
				"url": {
					"raw": "http://localhost:8083/cart/update?token=112",
					"protocol": "http",
					"host": [
						"localhost"
					],
					"port": "8083",
					"path": [
						"cart",
						"update"
					],
					"query": [
						{
							"key": "token",
							"value": "112"
						}
					]
				}
			},
			"response": []
		}
	]
}